{
  "project_info": {
    "project_number": "692736837666",
    "project_id": "duck-debugging-a56f4",
    "storage_bucket": "duck-debugging-a56f4.appspot.com"
  },
  "client": [
    {
      "client_info": {
        "mobilesdk_app_id": "1:692736837666:android:5d659a8dd0ad373fe8227b",
        "android_client_info": {
          "package_name": "com.example.cmpt362.duckdebugging"
        }
      },
      "oauth_client": [
        {
          "client_id": "692736837666-97ve8fvtr6td2ctvv1cgs4vqrcaf1jb3.apps.googleusercontent.com",
          "client_type": 3
        }
      ],
      "api_key": [
        {
          "current_key": "AIzaSyAH9j_OuoZiPOL7CbRZQSjY3zaC97rep8Q"
        }
      ],
      "services": {
        "appinvite_service": {
          "other_platform_oauth_client": [
            {
              "client_id": "692736837666-97ve8fvtr6td2ctvv1cgs4vqrcaf1jb3.apps.googleusercontent.com",
              "client_type": 3
            }
          ]
        }
      }
    }
  ],
  "configuration_version": "1"
}